seqname,Status,Subclass (putative),Domain,Domain architecture simplified,Gene.stable.ID
NP_001031207,NLR,CC-NLR,(CC)(NBARC)(LRR),CNL,AT1G58848
NP_001031207,NLR,CC-NLR,(CC)(NBARC)(LRR),CNL,AT1G59218
NP_001031216,NLR,CC-NLR,(NBARC)(LRR),NL,AT1G61180
NP_001031229,MLKL,MLKL,(MLKL)(PKin),MO,AT1G64300
NP_001031652,NLR,UNDETERMINED,(NBARC)(BRX)(BRX)(BRX),NO,AT4G16990
NP_001031781,NLR,CCR-NLR,(RPW8)(NBARC)(LRR),RNL,AT4G33300
NP_001031980,TX,TX,(TIR),T,AT5G38344
NP_001077695,TX,TX,(OTHER)(OTHER)(TIR),OT,AT1G51270
NP_001077742,NLR,CC-NLR,(CC)(NBARC)(LRR),CNL,AT1G58602
NP_001077768,NLR,UNDETERMINED,(NBARC)(LRR),NL,AT1G63750
NP_001077769,NLR,TIR-NLR,(TIR)(NBARC)(LRR),TNL,AT1G63750
NP_001077816,TX,TX,(TIR),T,AT1G72930
NP_001078237,NLR,TIR-NLR,(TIR)(NBARC)(LRR),TNL,AT3G44670
NP_001078715,NLR,TIR-NLR,(TIR)(NBARC)(LRR),TNL,AT5G45260
NP_001078718,NLR,UNDETERMINED,(NBARC),N,AT5G45490
NP_001078719,degenerate NLR,UNDETERMINED,(PLOOP)(LRR),PL,AT5G45510
NP_001117266,NLR,CC-NLR,(NBARC)(LRR),NL,AT1G10920
NP_001117396,NLR,TIR-NLR,(TIR)(NBARC)(LRR),TNL,AT1G31540
NP_001117515,NLR,CC-NLR,(CC)(NBARC)(LRR),CNL,AT1G58807
NP_001117515,NLR,CC-NLR,(CC)(NBARC)(LRR),CNL,AT1G59124
NP_001118772,NLR,TIR-NLR,(TIR)(NBARC)(LRR),TNL,AT3G44400
NP_001118968,NLR,TIR-NLR,(OTHER)(WRKY)(WRKY)(TIR)(NBARC)(LRR)(PKin),OTNLO,AT4G12020
NP_001119319,NLR,TIR-NLR,(TIR)(NBARC)(LRR),TNL,AT5G36930
NP_001154222,NLR,TIR-NLR,(OTHER)(WRKY)(WRKY)(TIR)(NBARC)(LRR)(PKin),OTNLO,AT4G12020
NP_001154372,NLR,TIR-NLR,(TIR)(NBARC)(LRR),TNL,AT1G27170
NP_001154418,TX,TX,(OTHER)(OTHER)(TIR),OT,AT1G51270
NP_001154434,TX,TX,(TIR),T,AT1G57850
NP_001154443,NLR,TIR-NLR,(TIR)(NBARC)(LRR),TNL,AT1G63860
NP_001154444,NLR,TIR-NLR,(TIR)(NBARC)(LRR),TNL,AT1G63860
NP_001154757,NLR,TIR-NLR,(TIR)(NBARC)(LRR),TNL,AT5G41740
NP_001184970,NLR,CC-NLR,(NBARC)(LRR),NL,AT1G12220
NP_001185252,NLR,TIR-NLR,(TIR)(NBARC)(LRR),TNL,AT1G56520
NP_001185254,NLR,UNDETERMINED,(NBARC)(LRR),NL,AT1G57650
NP_001185265,NLR,CC-NLR,(CC)(NBARC)(LRR),CNL,AT1G58848
NP_001185265,NLR,CC-NLR,(CC)(NBARC)(LRR),CNL,AT1G59218
NP_001185325,NLR,TIR-NLR,(TIR)(NBARC)(LRR),TNL,AT1G65850
NP_001185386,NLR,TIR-NLR,(TIR)(NBARC)(LRR),TNL,AT1G72840
NP_001185387,NLR,TIR-NLR,(TIR)(NBARC),TN,AT1G72890
NP_001190474,degenerate NLR,CC-NLR or CCR-NLR or CCG10-NLR,(LRR),L,AT5G45500
NP_001190494,NLR,TIR-NLR,(TIR)(NBARC)(NBARC),TNN,AT5G48780
NP_001190516,NLR,TIR-NLR,(TIR)(NBARC)(LRR),TNL,AT5G51630
NP_001318538,NLR,TIR-NLR,(TIR)(NBARC)(LRR),TNL,AT5G11250
NP_001318593,NLR,TIR-NLR,(TIR)(NBARC)(LRR),TNL,AT5G18370
NP_001318694,NLR,TIR-NLR,(TIR)(NBARC)(LRR),TNL,AT5G38340
NP_001318718,NLR,TIR-NLR,(TIR)(NBARC)(LRR),TNL,AT5G40910
NP_001318736,NLR,CC-NLR,(CC)(NBARC)(LRR),CNL,AT5G43470
NP_001318737,NLR,CC-NLR or CCR-NLR or CCG10-NLR,(NBARC)(LRR),NL,AT5G43730
NP_001318742,NLR,TIR-NLR,(TIR)(NBARC)(LRR),TNL,AT5G45260
NP_001318743,degenerate NLR,CC-NLR or CCR-NLR or CCG10-NLR,(LRR),L,AT5G45520
NP_001318764,NLR,TIR-NLR,(TIR)(NBARC)(NBARC),TNN,AT5G48780
NP_001318809,degenerate NLR,TN (OTHER),(TIR)(PLOOP),TP,AT5G56220
NP_001318986,NLR,CC-NLR or CCR-NLR or CCG10-NLR,(NBARC)(LRR),NL,AT1G12290
NP_001319029,NLR,TIR-NLR,(TIR)(NBARC),TN,AT1G17610
NP_001319123,NLR,TIR-NLR,(TIR)(NBARC)(LRR),TNL,AT1G31540
NP_001319192,TX,TX,(OTHER)(OTHER)(TIR),OT,AT1G51270
NP_001319193,TX,TX,(OTHER)(TIR),OT,AT1G51270
NP_001319213,NLR,CC-NLR,(CC)(NBARC)(LRR),CNL,AT1G53350
NP_001319261,TX,TX,(TIR),T,AT1G57850
NP_001319265,NLR,CC-NLR,(CC)(NBARC)(LRR),CNL,AT1G58390
NP_001319266,NLR,CC-NLR,(CC)(NBARC)(LRR),CNL,AT1G58400
NP_001319267,NLR,CC-NLR,(CC)(NBARC)(LRR),CNL,AT1G58410
NP_001319272,NLR,CC-NLR,(CC)(NBARC)(LRR),CNL,AT1G59620
NP_001319325,TX,TX,(TIR),T,AT1G65390
NP_001319465,NLR,TIR-NLR,(TIR)(NBARC),TN,AT3G04210
NP_001319549,NLR,CC-NLR,(CC)(NBARC)(LRR),CNL,AT3G14470
NP_001319561,NLR,CC-NLR,(NBARC),N,AT3G15700
NP_001319642,NLR,UNDETERMINED,(NBARC)(LRR),NL,AT3G25510
NP_001319887,NLR,TIR-NLR,(TIR)(NBARC),TN,AT4G09430
NP_001319937,NLR,TIR-NLR,(TIR)(NBARC)(LRR),TNL,AT4G14370
NP_001319970,NLR,TIR-NLR,(TIR)(NBARC)(LRR),TNL,AT4G16890
NP_001319971,NLR,TIR-NLR,(TIR)(NBARC)(LRR)(LRR),TNL,AT4G16960
NP_001319972,NLR,TIR-NLR,(TIR)(NBARC)(BRX)(BRX)(BRX),TNO,AT4G16990
NP_001319973,NLR,UNDETERMINED,(NBARC)(BRX)(BRX)(BRX),NO,AT4G16990
NP_001319997,NLR,TIR-NLR,(OTHER)(TIR)(NBARC)(LRR),OTNL,AT4G19500
NP_001320048,degenerate NLR,TN (OTHER),(TIR)(PLOOP),TP,AT4G23440
NP_001320049,TX,TX,(TIR),T,AT4G23515
NP_001320123,NLR,CCR-NLR,(RPW8)(NBARC)(LRR),RNL,AT4G33300
NP_001320323,NLR,CC-NLR,(NBARC)(LRR),NL,AT1G59620
NP_001320502,NLR,CC-NLR,(NBARC)(LRR),NL,AT1G63360
NP_001320536,NLR,CC-NLR,(NBARC)(LRR),NL,AT1G61190
NP_001320537,NLR,CC-NLR,(NBARC)(LRR),NL,AT1G61190
NP_001320538,NLR,CC-NLR,(NBARC)(LRR),NL,AT1G61190
NP_001320566,NLR,TIR-NLR,(TIR)(NBARC)(LRR),TNL,AT1G63880
NP_001320574,NLR,CC-NLR,(NBARC),N,AT1G52660
NP_001320908,NLR,CC-NLR,(NBARC)(LRR),NL,AT1G63350
NP_001320909,NLR,CC-NLR,(NBARC)(LRR),NL,AT1G63350
NP_001320910,NLR,CC-NLR,(NBARC)(LRR),NL,AT1G63350
NP_001320959,NLR,CC-NLR or CCR-NLR or CCG10-NLR,(NBARC)(LRR),NL,AT1G12290
NP_001320960,NLR,CC-NLR or CCR-NLR or CCG10-NLR,(NBARC)(LRR),NL,AT1G12290
NP_001321224,NLR,TIR-NLR,(TIR)(NBARC)(LRR),TNL,AT1G56520
NP_001321225,NLR,TIR-NLR,(TIR)(NBARC)(LRR),TNL,AT1G56520
NP_001321226,NLR,UNDETERMINED,(NBARC)(LRR),NL,AT1G56520
NP_001321256,TX,TX,(OTHER)(OTHER)(TIR),OT,AT1G51270
NP_001321257,TX,TX,(OTHER)(OTHER)(TIR),OT,AT1G51270
NP_001321258,TX,TX,(OTHER)(TIR),OT,AT1G51270
NP_001321259,TX,TX,(OTHER)(TIR),OT,AT1G51270
NP_001321260,TX,TX,(OTHER)(TIR),OT,AT1G51270
NP_001321261,TX,TX,(OTHER)(TIR),OT,AT1G51270
NP_001321262,TX,TX,(OTHER)(OTHER)(TIR),OT,AT1G51270
NP_001321263,TX,TX,(OTHER)(TIR),OT,AT1G51270
NP_001321264,TX,TX,(OTHER)(TIR),OT,AT1G51270
NP_001321265,TX,TX,(OTHER)(OTHER)(TIR),OT,AT1G51270
NP_001321319,NLR,UNDETERMINED,(NBARC)(LRR),NL,AT1G56540
NP_001321380,NLR,TIR-NLR,(TIR)(NBARC)(LRR),TNL,AT1G63860
NP_001321381,NLR,TIR-NLR,(TIR)(NBARC)(LRR),TNL,AT1G63860
NP_001321382,NLR,TIR-NLR,(TIR)(NBARC)(LRR),TNL,AT1G63860
NP_001321383,NLR,TIR-NLR,(TIR)(NBARC)(LRR),TNL,AT1G63860
NP_001321385,NLR,CC-NLR,(NBARC)(LRR),NL,AT1G12210
NP_001321386,NLR,CC-NLR,(NBARC)(LRR),NL,AT1G12210
NP_001321538,NLR,TIR-NLR,(TIR)(NBARC)(LRR),TNL,AT1G65850
NP_001321773,NLR,UNDETERMINED,(NBARC)(LRR),NL,AT1G57650
NP_001321774,NLR,UNDETERMINED,(NBARC)(LRR),NL,AT1G57650
NP_001321856,NLR,CC-NLR,(NBARC)(LRR),NL,AT1G61300
NP_001322024,NLR,UNDETERMINED,(NBARC)(LRR),NL,AT1G72840
NP_001322025,NLR,TIR-NLR,(TIR)(NBARC)(LRR),TNL,AT1G72840
NP_001322028,TX,TX,(TIR),T,AT1G65390
NP_001322142,NLR,TIR-NLR,(TIR)(NBARC)(LRR),TNL,AT1G72860
NP_001322143,NLR,TIR-NLR,(TIR)(NBARC)(LRR)(LRR),TNL,AT1G72860
NP_001322203,NLR,CC-NLR,(NBARC)(LRR),NL,AT1G10920
NP_001322204,NLR,CC-NLR or CCR-NLR or CCG10-NLR,(NBARC)(LRR),NL,AT1G10920
NP_001322205,NLR,CC-NLR or CCR-NLR or CCG10-NLR,(NBARC)(LRR),NL,AT1G10920
NP_001322397,NLR,CC-NLR,(CC)(NBARC)(LRR),CNL,AT1G58400
NP_001322398,NLR,CC-NLR,(CC)(NBARC)(LRR),CNL,AT1G58400
NP_001322497,NLR,CC-NLR,(CC)(NBARC)(LRR),CNL,AT1G59780
NP_001322556,NLR,UNDETERMINED,(NBARC)(LRR),NL,AT1G27180
NP_001322557,NLR,UNDETERMINED,(NBARC)(LRR),NL,AT1G27180
NP_001322558,NLR,UNDETERMINED,(NBARC)(LRR),NL,AT1G27180
NP_001322559,NLR,TIR-NLR,(TIR)(NBARC)(LRR),TNL,AT1G27180
NP_001322560,NLR,TIR-NLR,(TIR)(NBARC)(LRR),TNL,AT1G27180
NP_001322561,NLR,TIR-NLR,(TIR)(NBARC)(LRR),TNL,AT1G27180
NP_001322562,NLR,TIR-NLR,(TIR)(NBARC)(LRR),TNL,AT1G27180
NP_001322571,NLR,CC-NLR,(NBARC)(LRR),NL,AT1G12280
NP_001322890,NLR,TIR-NLR,(TIR)(NBARC)(LRR),TNL,AT1G63740
NP_001322914,NLR,CC-NLR,(CC)(NBARC)(LRR),CNL,AT1G58807
NP_001322914,NLR,CC-NLR,(CC)(NBARC)(LRR),CNL,AT1G59124
NP_001322964,NLR,CC-NLR or CCR-NLR or CCG10-NLR,(NBARC)(LRR),NL,AT1G15890
NP_001323155,NLR,CC-NLR,(NBARC)(LRR),NL,AT1G12220
NP_001323213,NLR,CC-NLR,(CC)(NBARC)(LRR),CNL,AT1G58848
NP_001323213,NLR,CC-NLR,(CC)(NBARC)(LRR),CNL,AT1G59218
NP_001323308,NLR,CC-NLR,(CC)(NBARC)(LRR),CNL,AT1G58410
NP_001323309,NLR,CC-NLR,(CC)(NBARC)(LRR),CNL,AT1G58410
NP_001323706,NLR,TIR-NLR,(TIR)(NBARC)(LRR),TNL,AT2G14080
NP_001323733,NLR,UNDETERMINED,(NBARC)(LRR),NL,AT2G16870
NP_001323734,NLR,UNDETERMINED,(NBARC)(LRR),NL,AT2G16870
NP_001323796,NLR,TIR-NLR,(TIR)(NBARC)(LRR),TNL,AT2G17060
NP_001324491,NLR,TIR-NLR,(NBARC)(LRR)(LRR)(TIR),NLT,AT2G17050
NP_001324492,NLR,TIR-NLR,(NBARC)(LRR)(LRR)(TIR),NLT,AT2G17050
NP_001325500,RPW8,RPW8,(RPW8),R,AT3G50480
NP_001326119,NLR,TIR-NLR,(TIR)(NBARC)(LRR),TNL,AT3G04220
NP_001326120,NLR,TIR-NLR,(TIR)(NBARC)(LRR),TNL,AT3G04220
NP_001326419,NLR,TIR-NLR,(TIR)(NBARC)(LRR),TNL,AT3G44480
NP_001326420,NLR,TIR-NLR,(TIR)(NBARC)(LRR),TNL,AT3G44480
NP_001326421,NLR,TIR-NLR,(TIR)(NBARC)(LRR),TNL,AT3G44480
NP_001326422,NLR,TIR-NLR,(TIR)(NBARC)(LRR),TNL,AT3G44480
NP_001326498,NLR,UNDETERMINED,(NBARC)(LRR),NL,AT3G25510
NP_001326548,NLR,TIR-NLR,(TIR)(NBARC)(LRR),TNL,AT3G44400
NP_001326549,NLR,TIR-NLR,(TIR)(NBARC)(LRR),TNL,AT3G44400
NP_001326550,NLR,TIR-NLR,(TIR)(NBARC)(LRR),TNL,AT3G44400
NP_001327255,NLR,TIR-NLR,(TIR)(NBARC)(LRR),TNL,AT3G51570
NP_001327594,NLR,TIR-NLR,(TIR)(NBARC)(LRR),TNL,AT3G44630
NP_001327784,NLR,TIR-NLR,(TIR)(NBARC)(LRR),TNL,AT3G25505
NP_001327975,degenerate NLR,TN (OTHER),(TIR)(PLOOP),TP,AT4G23440
NP_001328019,NLR,TIR-NLR,(TIR)(NBARC)(LRR)(LRR),TNL,AT4G16950
NP_001328020,NLR,TIR-NLR,(TIR)(NBARC)(LRR)(LRR),TNL,AT4G16950
NP_001328021,NLR,TIR-NLR,(TIR)(NBARC)(LRR)(LRR),TNL,AT4G16950
NP_001328022,NLR,TIR-NLR,(TIR)(NBARC)(LRR)(LRR),TNL,AT4G16950
NP_001328297,NLR,CC-NLR or CCR-NLR or CCG10-NLR,(NBARC)(LRR),NL,AT4G10780
NP_001328414,NLR,CC-NLR,(NBARC)(LRR),NL,AT4G27220
NP_001328444,NLR,TIR-NLR,(TIR)(NBARC)(LRR),TNL,AT4G19510
NP_001328445,NLR,TIR-NLR,(TIR)(NBARC)(LRR),TNL,AT4G19510
NP_001328446,NLR,TIR-NLR,(TIR)(NBARC)(LRR),TNL,AT4G19510
NP_001328447,NLR,TIR-NLR,(TIR)(NBARC)(LRR),TNL,AT4G19510
NP_001328448,NLR,TIR-NLR,(TIR)(NBARC)(LRR),TNL,AT4G19510
NP_001328449,NLR,TIR-NLR,(TIR)(NBARC)(LRR),TNL,AT4G19510
NP_001328450,NLR,TIR-NLR,(TIR)(NBARC)(LRR),TNL,AT4G19510
NP_001328451,NLR,TIR-NLR,(TIR)(NBARC)(LRR),TNL,AT4G19510
NP_001328514,NLR,TIR-NLR,(TIR)(NBARC)(LRR),TNL,AT4G19530
NP_001328652,TX,TX,(TIR)(TIR),TT,AT4G23510
NP_001328653,TX,TX,(TIR)(TIR),TT,AT4G23510
NP_001328654,TX,TX,(TIR),T,AT4G23515
NP_001328661,NLR,UNDETERMINED,(NBARC)(LRR),NL,AT4G16860
NP_001328966,NLR,TIR-NLR,(TIR)(NBARC)(LRR)(LRR),TNL,AT4G16940
NP_001328967,NLR,TIR-NLR,(TIR)(NBARC)(LRR)(LRR),TNL,AT4G16940
NP_001328968,NLR,TIR-NLR,(TIR)(NBARC)(LRR)(LRR),TNL,AT4G16940
NP_001328969,NLR,TIR-NLR,(TIR)(NBARC)(LRR)(LRR),TNL,AT4G16940
NP_001328970,NLR,TIR-NLR,(TIR)(NBARC)(LRR)(LRR),TNL,AT4G16940
NP_001329036,NLR,TIR-NLR,(TIR)(NBARC)(LRR)(LRR),TNL,AT4G16920
NP_001329037,NLR,TIR-NLR,(TIR)(NBARC)(LRR)(LRR),TNL,AT4G16920
NP_001329038,NLR,TIR-NLR,(TIR)(NBARC)(LRR)(LRR),TNL,AT4G16920
NP_001329039,NLR,TIR-NLR,(TIR)(NBARC)(LRR)(LRR),TNL,AT4G16920
NP_001329040,NLR,TIR-NLR,(TIR)(NBARC)(LRR)(LRR),TNL,AT4G16920
NP_001329041,NLR,TIR-NLR,(TIR)(NBARC)(LRR)(LRR),TNL,AT4G16920
NP_001329042,NLR,TIR-NLR,(TIR)(NBARC)(LRR)(LRR),TNL,AT4G16920
NP_001329043,NLR,TIR-NLR,(TIR)(NBARC)(LRR)(LRR),TNL,AT4G16920
NP_001329118,NLR,TIR-NLR,(TIR)(NBARC)(LRR),TNL,AT4G16900
NP_001329119,NLR,TIR-NLR,(TIR)(NBARC)(LRR),TNL,AT4G16900
NP_001329216,NLR,TIR-NLR,(TIR)(NBARC)(LRR),TNL,AT4G08450
NP_001329411,NLR,TIR-NLR,(TIR)(NBARC)(TIR)(NBARC)(LRR),TNTNL,AT4G36140
NP_001329580,NLR,TIR-NLR,(TIR)(NBARC)(LRR)(TIR),TNLT,AT4G19520
NP_001329581,NLR,TIR-NLR,(TIR)(NBARC)(LRR)(TIR),TNLT,AT4G19520
NP_001329582,NLR,TIR-NLR,(TIR)(NBARC)(LRR)(TIR),TNLT,AT4G19520
NP_001329583,NLR,TIR-NLR,(TIR)(NBARC)(LRR)(TIR),TNLT,AT4G19520
NP_001329614,NLR,TIR-NLR,(TIR)(NBARC)(LRR),TNL,AT4G14370
NP_001329652,NLR,TIR-NLR,(OTHER)(WRKY)(WRKY)(TIR)(NBARC)(LRR)(PKin),OTNLO,AT4G12020
NP_001329653,NLR,TIR-NLR,(OTHER)(WRKY)(WRKY)(TIR)(NBARC)(LRR)(PKin),OTNLO,AT4G12020
NP_001329654,NLR,TIR-NLR,(OTHER)(WRKY)(WRKY)(TIR)(NBARC)(LRR)(PKin),OTNLO,AT4G12020
NP_001329655,NLR,TIR-NLR,(OTHER)(WRKY)(WRKY)(TIR)(NBARC)(LRR)(PKin),OTNLO,AT4G12020
NP_001329656,NLR,TIR-NLR,(OTHER)(WRKY)(WRKY)(TIR)(NBARC)(LRR)(PKin),OTNLO,AT4G12020
NP_001329657,NLR,TIR-NLR,(OTHER)(WRKY)(WRKY)(TIR)(NBARC)(LRR)(PKin),OTNLO,AT4G12020
NP_001329658,NLR,TIR-NLR,(OTHER)(WRKY)(WRKY)(TIR)(NBARC)(LRR)(PKin),OTNLO,AT4G12020
NP_001329659,NLR,TIR-NLR,(OTHER)(WRKY)(WRKY)(TIR)(NBARC)(LRR),OTNL,AT4G12020
NP_001329719,NLR,TIR-NLR,(TIR)(NBARC)(LRR),TNL,AT4G16890
NP_001329720,NLR,TIR-NLR,(TIR)(NBARC)(LRR),TNL,AT4G16890
NP_001329721,NLR,TIR-NLR,(TIR)(NBARC)(LRR),TNL,AT4G16890
NP_001329722,NLR,UNDETERMINED,(NBARC)(LRR),NL,AT4G16890
NP_001329871,NLR,UNDETERMINED,(NBARC)(BRX)(BRX),NO,AT4G16990
NP_001329872,NLR,UNDETERMINED,(NBARC)(BRX)(BRX)(BRX),NO,AT4G16990
NP_001329873,NLR,TIR-NLR,(TIR)(NBARC)(BRX)(BRX)(BRX),TNO,AT4G16990
NP_001329874,NLR,TIR-NLR,(TIR)(NBARC)(BRX)(BRX)(BRX),TNO,AT4G16990
NP_001329875,NLR,TIR-NLR,(TIR)(NBARC)(BRX)(BRX),TNO,AT4G16990
NP_001329876,NLR,UNDETERMINED,(NBARC)(BRX)(BRX),NO,AT4G16990
NP_001329877,NLR,TIR-NLR,(TIR)(NBARC)(BRX)(BRX)(BRX),TNO,AT4G16990
NP_001329878,NLR,UNDETERMINED,(NBARC)(BRX)(BRX)(BRX),NO,AT4G16990
NP_001329879,NLR,UNDETERMINED,(NBARC)(BRX)(BRX)(BRX),NO,AT4G16990
NP_001329880,NLR,TIR-NLR,(TIR)(NBARC)(BRX)(BRX),TNO,AT4G16990
NP_001329881,NLR,TIR-NLR,(TIR)(NBARC)(BRX)(BRX)(BRX),TNO,AT4G16990
NP_001329882,NLR,TIR-NLR,(TIR)(NBARC)(BRX)(BRX),TNO,AT4G16990
NP_001329883,NLR,TIR-NLR,(TIR)(NBARC)(BRX)(BRX)(BRX),TNO,AT4G16990
NP_001330018,MLKL,MLKL,(MLKL)(PKin),MO,AT5G41730
NP_001330029,degenerate NLR,CC-NLR or CCR-NLR or CCG10-NLR,(LRR),L,AT5G45500
NP_001330030,degenerate NLR,CC-NLR or CCR-NLR or CCG10-NLR,(LRR),L,AT5G45500
NP_001330031,degenerate NLR,CC-NLR or CCR-NLR or CCG10-NLR,(LRR),L,AT5G45500
NP_001330032,degenerate NLR,CC-NLR or CCR-NLR or CCG10-NLR,(LRR),L,AT5G45500
NP_001330033,degenerate NLR,CC-NLR or CCR-NLR or CCG10-NLR,(LRR),L,AT5G45500
NP_001330034,degenerate NLR,CC-NLR or CCR-NLR or CCG10-NLR,(LRR),L,AT5G45500
NP_001330035,degenerate NLR,CC-NLR or CCR-NLR or CCG10-NLR,(LRR),L,AT5G45500
NP_001330107,TX,TX,(TIR)(TIR),TT,AT5G45220
NP_001330137,NLR,TIR-NLR,(TIR)(NBARC)(LRR),TNL,AT5G46270
NP_001330138,NLR,TIR-NLR,(TIR)(NBARC)(LRR),TNL,AT5G46270
NP_001330139,NLR,TIR-NLR,(TIR)(NBARC)(LRR),TNL,AT5G46270
NP_001330140,NLR,TIR-NLR,(TIR)(NBARC)(LRR),TNL,AT5G46270
NP_001330203,TX,TX,(TIR)(OTHER),TO,AT5G45090
NP_001330254,NLR,TIR-NLR,(TIR)(NBARC),TN,AT5G46490
NP_001330255,NLR,TIR-NLR,(TIR)(NBARC),TN,AT5G46490
NP_001330256,NLR,TIR-NLR,(TIR)(NBARC),TN,AT5G46490
NP_001330257,NLR,TIR-NLR,(TIR)(NBARC),TN,AT5G46490
NP_001330258,NLR,TIR-NLR,(TIR)(NBARC),TN,AT5G46490
NP_001330259,NLR,TIR-NLR,(TIR)(NBARC),TN,AT5G46490
NP_001330323,NLR,UNDETERMINED,(NBARC)(LRR),NL,AT5G38340
NP_001330479,NLR,TIR-NLR,(TIR)(NBARC)(LRR),TNL,AT5G51630
NP_001330480,NLR,TIR-NLR,(TIR)(NBARC)(LRR),TNL,AT5G51630
NP_001330481,NLR,TIR-NLR,(TIR)(NBARC)(LRR),TNL,AT5G51630
NP_001330640,NLR,TIR-NLR,(TIR)(NBARC)(LRR),TNL,AT5G36930
NP_001330641,NLR,TIR-NLR,(TIR)(NBARC)(LRR),TNL,AT5G36930
NP_001330712,NLR,TIR-NLR,(TIR)(NBARC)(LRR),TNL,AT5G44510
NP_001330713,NLR,TIR-NLR,(TIR)(NBARC)(LRR),TNL,AT5G44510
NP_001330714,NLR,TIR-NLR,(TIR)(NBARC)(LRR),TNL,AT5G44510
NP_001330749,NLR,UNDETERMINED,(NBARC)(LRR),NL,AT5G40910
NP_001330750,NLR,UNDETERMINED,(NBARC)(LRR),NL,AT5G40910
NP_001330751,NLR,UNDETERMINED,(NBARC)(LRR),NL,AT5G40910
NP_001330752,NLR,UNDETERMINED,(NBARC)(LRR),NL,AT5G40910
NP_001330753,NLR,UNDETERMINED,(NBARC)(LRR),NL,AT5G40910
NP_001330754,NLR,UNDETERMINED,(NBARC)(LRR),NL,AT5G40910
NP_001330755,NLR,UNDETERMINED,(NBARC)(LRR),NL,AT5G40910
NP_001330758,NLR,TIR-NLR,(TIR)(NBARC)(LRR),TNL,AT5G45240
NP_001330914,NLR,TIR-NLR,(TIR)(NBARC)(LRR),TNL,AT5G46520
NP_001330960,NLR,TIR-NLR,(TIR)(NBARC)(LRR),TNL,AT5G45060
NP_001331020,NLR,CC-NLR or CCR-NLR or CCG10-NLR,(NBARC)(LRR),NL,AT5G43730
NP_001331021,NLR,CC-NLR or CCR-NLR or CCG10-NLR,(NBARC)(LRR),NL,AT5G43730
NP_001331022,NLR,CC-NLR or CCR-NLR or CCG10-NLR,(NBARC)(LRR),NL,AT5G43730
NP_001331068,NLR,CC-NLR,(CC)(NBARC)(LRR),CNL,AT5G48620
NP_001331069,NLR,CC-NLR,(CC)(NBARC)(LRR),CNL,AT5G48620
NP_001331070,NLR,CC-NLR,(CC)(NBARC)(LRR),CNL,AT5G48620
NP_001331071,NLR,CC-NLR,(CC)(NBARC)(LRR),CNL,AT5G48620
NP_001331072,NLR,CC-NLR,(CC)(NBARC)(LRR),CNL,AT5G48620
NP_001331309,NLR,TIR-NLR,(TIR)(NBARC)(LRR),TNL,AT5G46510
NP_001331341,NLR,TIR-NLR,(TIR)(NBARC)(LRR),TNL,AT5G22690
NP_001331342,NLR,TIR-NLR,(TIR)(NBARC)(LRR),TNL,AT5G22690
NP_001331343,NLR,TIR-NLR,(TIR)(NBARC)(LRR),TNL,AT5G22690
NP_001331467,NLR,TIR-NLR,(TIR)(NBARC)(LRR),TNL,AT5G17680
NP_001331502,NLR,CCR-NLR,(RPW8)(NBARC),RN,AT5G66900
NP_001331503,NLR,CCR-NLR,(RPW8)(NBARC)(LRR),RNL,AT5G66900
NP_001331514,NLR,UNDETERMINED,(NBARC)(LRR),NL,AT5G40060
NP_001331726,NLR,UNDETERMINED,(NBARC)(LRR),NL,AT5G44870
NP_001331782,NLR,UNDETERMINED,(NBARC)(LRR),NL,AT5G41740
NP_001331999,NLR,TIR-NLR,(TIR)(NBARC)(LRR),TNL,AT5G17880
NP_001332026,NLR,TIR-NLR,(TIR)(NBARC)(LRR),TNL,AT5G11250
NP_001332096,NLR,CC-NLR,(NBARC)(LRR),NL,AT5G05400
NP_001332097,NLR,CC-NLR,(NBARC)(LRR),NL,AT5G05400
NP_001332184,NLR,TIR-NLR,(TIR)(NBARC)(LRR),TNL,AT5G46450
NP_001332185,NLR,TIR-NLR,(TIR)(NBARC)(LRR),TNL,AT5G46450
NP_001332328,NLR,TIR-NLR,(TIR)(NBARC)(LRR),TNL,AT5G45210
NP_001332329,NLR,TIR-NLR,(TIR)(NBARC)(LRR),TNL,AT5G45210
NP_001332330,NLR,TIR-NLR,(TIR)(NBARC)(LRR),TNL,AT5G45210
NP_001332331,NLR,TIR-NLR,(TIR)(NBARC),TN,AT5G45210
NP_001332395,NLR,TIR-NLR,(TIR)(NBARC)(LRR),TNL,AT5G45200
NP_001332396,NLR,UNDETERMINED,(NBARC)(LRR),NL,AT5G45200
NP_001332491,NLR,UNDETERMINED,(NBARC)(LRR)(WRKY),NLO,AT5G45050
NP_001332492,NLR,TIR-NLR,(TIR)(NBARC)(LRR)(WRKY),TNLO,AT5G45050
NP_001332515,NLR,CC-NLR,(CC)(NBARC)(LRR),CNL,AT5G35450
NP_001332592,NLR,CC-NLR,(CC)(NBARC)(LRR),CNL,AT5G43470
NP_172561,NLR,CC-NLR,(NBARC)(LRR),NL,AT1G10920
NP_172685,NLR,CC-NLR,(NBARC)(LRR),NL,AT1G12210
NP_172686,NLR,CC-NLR,(NBARC)(LRR),NL,AT1G12220
NP_172692,NLR,CC-NLR,(NBARC)(LRR),NL,AT1G12280
NP_172693,NLR,CC-NLR or CCR-NLR or CCG10-NLR,(NBARC)(LRR),NL,AT1G12290
NP_173041,NLR,CC-NLR or CCR-NLR or CCG10-NLR,(NBARC)(LRR),NL,AT1G15890
NP_173203,NLR,TIR-NLR,(TIR)(NBARC)(LRR),TNL,AT1G17600
NP_173204,NLR,TIR-NLR,(TIR)(NBARC),TN,AT1G17610
NP_173205,NLR,TIR-NLR,(TIR)(NBARC),TN,AT1G17615
NP_174037,NLR,TIR-NLR,(TIR)(NBARC)(LRR),TNL,AT1G27170
NP_174038,NLR,TIR-NLR,(TIR)(TIR)(NBARC)(LRR),TTNL,AT1G27180
NP_174439,NLR,TIR-NLR,(TIR)(NBARC)(LRR),TNL,AT1G31540
NP_174620,NLR,CCR-NLR,(RPW8)(NBARC)(LRR),RNL,AT1G33560
NP_175170,TX,TX,(TIR),T,AT1G47370
NP_175437,NLR,CC-NLR,(CC)(NBARC)(LRR),CNL,AT1G50180
NP_175538,TX,TX,(OTHER)(OTHER)(TIR),OT,AT1G51270
NP_175559,NLR,CC-NLR or CCR-NLR or CCG10-NLR,(NBARC)(LRR),NL,AT1G51480
NP_175675,NLR,CC-NLR,(NBARC),N,AT1G52660
NP_175698,TX,TX,(TIR),T,AT1G52900
NP_176043,NLR,TIR-NLR,(TIR)(NBARC)(LRR),TNL,AT1G56510
NP_176044,NLR,TIR-NLR,(TIR)(NBARC)(LRR),TNL,AT1G56520
NP_176047,NLR,TIR-NLR,(TIR)(NBARC)(LRR),TNL,AT1G56540
NP_176076,TX,TX,(TIR),T,AT1G57630
NP_176078,NLR,UNDETERMINED,(NBARC)(LRR),NL,AT1G57650
NP_176080,TX,TX,(TIR),T,AT1G57670
NP_176093,TX,TX,(TIR),T,AT1G57830
NP_176094,TX,TX,(TIR),T,AT1G57850
NP_176135,NLR,CC-NLR,(CC)(NBARC)(LRR),CNL,AT1G58390
NP_176137,NLR,CC-NLR,(CC)(NBARC)(LRR),CNL,AT1G58410
NP_176151,NLR,CC-NLR,(CC)(NBARC)(LRR),CNL,AT1G58807
NP_176151,NLR,CC-NLR,(CC)(NBARC)(LRR),CNL,AT1G59124
NP_176153,NLR,CC-NLR,(CC)(NBARC)(LRR),CNL,AT1G58848
NP_176153,NLR,CC-NLR,(CC)(NBARC)(LRR),CNL,AT1G59218
NP_176187,NLR,CC-NLR,(CC)(NBARC)(LRR),CNL,AT1G59780
NP_176236,TX,TX,(TIR),T,AT1G60320
NP_176313,NLR,CC-NLR,(NBARC)(LRR),NL,AT1G61180
NP_176314,NLR,CC-NLR,(NBARC)(LRR),NL,AT1G61190
NP_176325,NLR,CC-NLR,(NBARC)(LRR),NL,AT1G61300
NP_176326,NLR,CC-NLR,(NBARC)(LRR),NL,AT1G61310
NP_176451,NLR,CC-NLR,(NBARC)(LRR),NL,AT1G62630
NP_176524,NLR,CC-NLR,(NBARC)(LRR),NL,AT1G63350
NP_176525,NLR,CC-NLR,(NBARC)(LRR),NL,AT1G63360
NP_176560,NLR,TIR-NLR,(TIR)(NBARC)(LRR),TNL,AT1G63730
NP_176561,NLR,TIR-NLR,(TIR)(NBARC)(LRR),TNL,AT1G63740
NP_176562,NLR,UNDETERMINED,(NBARC)(LRR),NL,AT1G63750
NP_176571,NLR,TIR-NLR,(TIR)(NBARC)(LRR),TNL,AT1G63870
NP_176572,NLR,TIR-NLR,(TIR)(NBARC)(LRR),TNL,AT1G63880
NP_176590,NLR,TIR-NLR,(TIR)(NBARC)(LRR),TNL,AT1G64070
NP_176718,TX,TX,(TIR)(OTHER),TO,AT1G65390
NP_176760,NLR,TIR-NLR,(TIR)(NBARC)(LRR),TNL,AT1G65850
NP_176783,NLR,TIR-NLR,(TIR)(NBARC),TN,AT1G66090
NP_177427,NLR,TIR-NLR,(TIR)(NBARC)(LRR),TNL,AT1G72840
NP_177428,NLR,TIR-NLR,(TIR)(NBARC),TN,AT1G72850
NP_177429,NLR,TIR-NLR,(TIR)(NBARC)(LRR)(LRR),TNL,AT1G72860
NP_177430,NLR,TIR-NLR,(TIR)(NBARC),TN,AT1G72870
NP_177432,NLR,TIR-NLR,(TIR)(NBARC),TN,AT1G72890
NP_177433,NLR,TIR-NLR,(TIR)(NBARC),TN,AT1G72900
NP_177434,NLR,TIR-NLR,(TIR)(NBARC),TN,AT1G72910
NP_177435,degenerate NLR,TIR-NLR,(TIR)(PLOOP),TP,AT1G72920
NP_177436,TX,TX,(TIR),T,AT1G72930
NP_177437,NLR,TIR-NLR,(TIR)(NBARC),TN,AT1G72940
NP_177438,NLR,TIR-NLR,(TIR)(NBARC),TN,AT1G72950
NP_178403,TX,TX,(TIR),T,AT2G03030
NP_178429,TX,TX,(TIR),T,AT2G03300
NP_179024,NLR,TIR-NLR,(TIR)(NBARC)(LRR),TNL,AT2G14080
NP_179279,NLR,TIR-NLR,(TIR)(NBARC)(LRR),TNL,AT2G16870
NP_179297,NLR,TIR-NLR,(NBARC)(LRR)(LRR)(TIR),NLT,AT2G17050
NP_179298,NLR,TIR-NLR,(TIR)(NBARC)(LRR),TNL,AT2G17060
NP_180773,TX,TX,(TIR),T,AT2G32140
NP_187072,NLR,TIR-NLR,(TIR)(NBARC)(LRR),TNL,AT3G04220
NP_187360,NLR,CC-NLR,(CC)(NBARC)(LRR),CNL,AT3G07040
NP_188064,NLR,CC-NLR,(CC)(NBARC)(LRR)(LRR),CNL,AT3G14460
NP_188065,NLR,CC-NLR,(CC)(NBARC)(LRR),CNL,AT3G14470
NP_188191,NLR,CC-NLR,(NBARC),N,AT3G15700
NP_190026,NLR,TIR-NLR,(TIR)(NBARC)(LRR),TNL,AT3G44400
NP_190034,NLR,TIR-NLR,(TIR)(NBARC)(LRR),TNL,AT3G44480
NP_190049,NLR,TIR-NLR,(TIR)(NBARC)(LRR),TNL,AT3G44630
NP_190053,NLR,TIR-NLR,(TIR)(NBARC)(LRR),TNL,AT3G44670
NP_190237,NLR,CC-NLR,(CC)(NBARC)(LRR),CNL,AT3G46530
NP_190255,NLR,CC-NLR,(CC)(NBARC)(LRR),CNL,AT3G46710
NP_190257,NLR,CC-NLR,(CC)(NBARC)(LRR),CNL,AT3G46730
NP_190614,RPW8,RPW8,(RPW8),R,AT3G50450
NP_190615,RPW8,RPW8,(RPW8),R,AT3G50460
NP_190616,RPW8,RPW8,(RPW8),R,AT3G50470
NP_190664,NLR,CC-NLR,(CC)(NBARC)(LRR),CNL,AT3G50950
NP_190724,NLR,TIR-NLR,(TIR)(NBARC)(LRR),TNL,AT3G51560
NP_190725,NLR,TIR-NLR,(TIR)(NBARC)(LRR),TNL,AT3G51570
NP_192320,TX,TX,(TIR),T,AT4G04110
NP_192585,NLR,TIR-NLR,(TIR)(NBARC)(LRR),TNL,AT4G08450
NP_192674,NLR,UNDETERMINED,(NBARC)(LRR),NL,AT4G09360
NP_192680,NLR,TIR-NLR,(TIR)(NBARC),TN,AT4G09420
NP_192816,NLR,CC-NLR or CCR-NLR or CCG10-NLR,(NBARC)(LRR),NL,AT4G10780
NP_192855,NLR,TIR-NLR,(TIR)(NBARC)(LRR),TNL,AT4G11170
NP_192873,TX,TX,(TIR),T,AT4G11340
NP_192938,NLR,TIR-NLR,(TIR)(NBARC)(LRR),TNL,AT4G12010
NP_192939,NLR,TIR-NLR,(OTHER)(WRKY)(WRKY)(TIR)(NBARC)(LRR)(PKin),OTNLO,AT4G12020
NP_193173,NLR,TIR-NLR,(TIR)(NBARC)(LRR),TNL,AT4G14370
NP_193420,NLR,TIR-NLR,(TIR)(NBARC)(LRR),TNL,AT4G16860
NP_193424,NLR,TIR-NLR,(TIR)(NBARC)(LRR),TNL,AT4G16900
NP_193425,NLR,TIR-NLR,(TIR)(NBARC)(LRR)(LRR),TNL,AT4G16920
NP_193426,degenerate NLR,TIR-NLR,(TIR)(PLOOP),TP,AT4G16930
NP_193427,NLR,TIR-NLR,(TIR)(NBARC)(LRR)(LRR),TNL,AT4G16940
NP_193428,NLR,TIR-NLR,(TIR)(NBARC)(LRR)(LRR),TNL,AT4G16950
NP_193432,NLR,TIR-NLR,(TIR)(NBARC)(BRX)(BRX),TNO,AT4G16990
NP_193640,NLR,UNDETERMINED,(NBARC)(LRR)(LRR),NL,AT4G19050
NP_193641,NLR,UNDETERMINED,(NBARC),N,AT4G19060
NP_193685,NLR,TIR-NLR,(TIR)(NBARC)(OTHER)(TIR)(NBARC)(LRR),TNOTNL,AT4G19500
NP_193686,NLR,TIR-NLR,(TIR)(NBARC)(LRR),TNL,AT4G19510
NP_193687,NLR,TIR-NLR,(TIR)(NBARC)(LRR)(TIR),TNLT,AT4G19520
NP_193688,NLR,TIR-NLR,(TIR)(NBARC)(LRR),TNL,AT4G19530
NP_193725,TX,TX,(TIR),T,AT4G19920
NP_194082,TX,TX,(TIR)(TIR),TT,AT4G23510
NP_194339,NLR,CC-NLR or CCR-NLR or CCG10-NLR,(NBARC)(LRR),NL,AT4G26090
NP_194449,NLR,CC-NLR,(NBARC)(LRR),NL,AT4G27190
NP_194452,NLR,CC-NLR,(NBARC)(LRR),NL,AT4G27220
NP_195337,NLR,TIR-NLR,(TIR)(NBARC)(TIR)(NBARC)(LRR),TNTNL,AT4G36140
NP_195338,NLR,TIR-NLR,(TIR)(NBARC)(LRR),TNL,AT4G36150
NP_196092,NLR,CCR-NLR,(RPW8)(NBARC)(LRR),RNL,AT5G04720
NP_196159,NLR,CC-NLR,(NBARC)(LRR),NL,AT5G05400
NP_196686,NLR,TIR-NLR,(TIR)(NBARC)(LRR),TNL,AT5G11250
NP_197270,NLR,TIR-NLR,(TIR)(NBARC)(LRR),TNL,AT5G17680
NP_197290,NLR,TIR-NLR,(TIR)(NBARC)(LRR),TNL,AT5G17880
NP_197291,NLR,TIR-NLR,(TIR)(NBARC)(LRR)(OTHER)(OTHER),TNLO,AT5G17890
NP_197298,NLR,TIR-NLR,(TIR)(NBARC)(LRR),TNL,AT5G17970
NP_197336,NLR,TIR-NLR,(TIR)(NBARC)(LRR),TNL,AT5G18350
NP_197337,NLR,TIR-NLR,(TIR)(NBARC)(LRR),TNL,AT5G18360
NP_197661,NLR,TIR-NLR,(TIR)(NBARC)(LRR),TNL,AT5G22690
NP_198395,NLR,CC-NLR,(CC)(NBARC)(LRR),CNL,AT5G35450
NP_198509,NLR,TIR-NLR,(TIR)(NBARC)(LRR),TNL,AT5G36930
NP_198650,NLR,TIR-NLR,(TIR)(NBARC)(LRR),TNL,AT5G38340
NP_198651,NLR,UNDETERMINED,(NBARC)(LRR),NL,AT5G38350
NP_198701,NLR,TIR-NLR,(TIR)(NBARC)(LRR),TNL,AT5G38850
NP_198822,NLR,UNDETERMINED,(NBARC)(LRR),NL,AT5G40060
NP_198825,NLR,TIR-NLR,(TIR)(NBARC),TN,AT5G40090
NP_198826,NLR,TIR-NLR,(TIR)(NBARC)(LRR),TNL,AT5G40100
NP_198907,NLR,TIR-NLR,(TIR)(NBARC)(LRR),TNL,AT5G40910
NP_198969,NLR,TIR-NLR,(TIR)(NBARC)(LRR),TNL,AT5G41540
NP_198970,NLR,TIR-NLR,(TIR)(NBARC)(LRR),TNL,AT5G41550
NP_198988,MLKL,MLKL,(MLKL)(PKin),MO,AT5G41730
NP_198989,NLR,TIR-NLR,(TIR)(NBARC)(LRR),TNL,AT5G41740
NP_198990,NLR,TIR-NLR,(TIR)(NBARC)(LRR),TNL,AT5G41750
NP_199160,NLR,CC-NLR,(CC)(NBARC)(LRR),CNL,AT5G43470
NP_199186,NLR,CC-NLR or CCR-NLR or CCG10-NLR,(NBARC)(LRR),NL,AT5G43730
NP_199187,NLR,CC-NLR or CCR-NLR or CCG10-NLR,(NBARC)(LRR),NL,AT5G43740
NP_199264,NLR,TIR-NLR,(TIR)(NBARC)(LRR),TNL,AT5G44510
NP_199300,NLR,TIR-NLR,(TIR)(NBARC)(LRR),TNL,AT5G44870
NP_199303,TX,TX,(TIR),T,AT5G44900
NP_199304,TX,TX,(TIR),T,AT5G44910
NP_199305,TX,TX,(TIR),T,AT5G44920
NP_199313,TX,TX,(TIR)(TIR),TT,AT5G45000
NP_199318,NLR,TIR-NLR,(TIR)(NBARC)(LRR)(WRKY),TNLO,AT5G45050
NP_199319,NLR,TIR-NLR,(TIR)(NBARC)(LRR),TNL,AT5G45060
NP_199320,TX,TX,(TIR)(OTHER),TO,AT5G45070
NP_199321,TX,TX,(TIR)(OTHER),TO,AT5G45080
NP_199322,TX,TX,(TIR)(OTHER),TO,AT5G45090
NP_199333,NLR,TIR-NLR,(TIR)(NBARC)(LRR),TNL,AT5G45200
NP_199334,NLR,TIR-NLR,(TIR)(NBARC)(LRR),TNL,AT5G45210
NP_199335,TX,TX,(TIR)(TIR),TT,AT5G45220
NP_199336,NLR,TIR-NLR,(TIR)(NBARC)(LRR),TNL,AT5G45230
NP_199337,NLR,TIR-NLR,(TIR)(NBARC)(LRR),TNL,AT5G45240
NP_199338,NLR,TIR-NLR,(TIR)(NBARC)(LRR),TNL,AT5G45250
NP_199339,NLR,TIR-NLR,(TIR)(NBARC)(LRR)(WRKY),TNLO,AT5G45260
NP_199357,NLR,UNDETERMINED,(NBARC),N,AT5G45440
NP_199362,NLR,UNDETERMINED,(NBARC),N,AT5G45490
NP_199363,degenerate NLR,CC-NLR or CCR-NLR or CCG10-NLR,(LRR),L,AT5G45500
NP_199364,degenerate NLR,UNDETERMINED,(PLOOP)(LRR),PL,AT5G45510
NP_199365,degenerate NLR,CC-NLR or CCR-NLR or CCG10-NLR,(LRR),L,AT5G45520
NP_199438,NLR,TIR-NLR,(TIR)(NBARC)(LRR),TNL,AT5G46260
NP_199439,NLR,TIR-NLR,(TIR)(NBARC)(LRR),TNL,AT5G46270
NP_199457,NLR,TIR-NLR,(TIR)(NBARC)(LRR),TNL,AT5G46450
NP_199459,NLR,TIR-NLR,(TIR)(NBARC)(LRR),TNL,AT5G46470
NP_199463,NLR,TIR-NLR,(TIR)(NBARC)(LRR),TNL,AT5G46510
NP_199464,NLR,TIR-NLR,(TIR)(NBARC)(LRR),TNL,AT5G46520
NP_199536,NLR,CC-NLR or CCR-NLR or CCG10-NLR,(NBARC)(LRR),NL,AT5G47250
NP_199537,NLR,CC-NLR or CCR-NLR or CCG10-NLR,(NBARC)(LRR)(PLOOP-OTHER),NLO,AT5G47260
NP_199539,NLR,CC-NLR or CCR-NLR or CCG10-NLR,(NBARC)(LRR),NL,AT5G47280
NP_199673,NLR,CC-NLR,(CC)(NBARC)(LRR),CNL,AT5G48620
NP_199688,NLR,TIR-NLR,(TIR)(NBARC)(LRR)(LRR),TNL,AT5G48770
NP_199725,NLR,TIR-NLR,(TIR)(NBARC)(LRR),TNL,AT5G49140
NP_199976,NLR,TIR-NLR,(TIR)(NBARC)(LRR),TNL,AT5G51630
NP_200433,degenerate NLR,TN (OTHER),(TIR)(PLOOP),TP,AT5G56220
NP_200620,NLR,TIR-NLR,(TIR)(NBARC)(LRR),TNL,AT5G58120
NP_201107,NLR,CC-NLR,(NBARC)(LRR),NL,AT5G63020
NP_201464,NLR,CCR-NLR,(RPW8)(NBARC)(OTHER)(OTHER),RNO,AT5G66630
NP_201490,degenerate NLR,CC-NLR or CCR-NLR or CCG10-NLR,(LRR),L,AT5G66890
NP_201491,NLR,CCR-NLR,(RPW8)(NBARC)(LRR),RNL,AT5G66900
NP_201492,NLR,CCR-NLR,(RPW8)(NBARC)(LRR),RNL,AT5G66910
NP_564829,MLKL,MLKL,(MLKL)(PKin),MO,AT1G64300
NP_564971,NLR,TIR-NLR,(TIR)(NBARC)(LRR),TNL,AT1G69550
NP_566223,NLR,TIR-NLR,(TIR)(NBARC),TN,AT3G04210
NP_566794,RPW8,RPW8,(RPW8),R,AT3G26470
NP_566933,RPW8,RPW8,(RPW8),R,AT3G50480
NP_568664,NLR,TIR-NLR,(TIR)(NBARC),TN,AT5G46490
NP_683292,TX,TX,(TIR),T,AT1G09665
NP_683441,NLR,CC-NLR,(CC)(NBARC)(LRR),CNL,AT1G58602
NP_683446,NLR,CC-NLR,(CC)(NBARC)(LRR),CNL,AT1G58807
NP_683446,NLR,CC-NLR,(CC)(NBARC)(LRR),CNL,AT1G59124
NP_683447,NLR,CC-NLR,(CC)(NBARC)(LRR),CNL,AT1G58848
NP_683447,NLR,CC-NLR,(CC)(NBARC)(LRR),CNL,AT1G59218
NP_849398,NLR,TIR-NLR,(TIR)(NBARC)(LRR)(LRR),TNL,AT4G16950
NP_849399,NLR,TIR-NLR,(TIR)(NBARC)(BRX)(BRX)(BRX),TNO,AT4G16990
NP_849400,NLR,UNDETERMINED,(NBARC)(BRX)(BRX)(BRX),NO,AT4G16990
NP_849410,NLR,TIR-NLR,(TIR)(NBARC)(LRR),TNL,AT4G19510
NP_850654,NLR,TIR-NLR,(TIR)(NBARC)(LRR),TNL,AT3G44630
NP_850655,NLR,TIR-NLR,(TIR)(NBARC)(LRR),TNL,AT3G44630
NP_850677,NLR,CC-NLR,(CC)(NBARC)(LRR),CNL,AT3G50950
NP_851117,NLR,TIR-NLR,(TIR)(NBARC)(LRR),TNL,AT5G41750
NP_851124,NLR,CC-NLR,(CC)(NBARC)(LRR),CNL,AT5G43470
NP_851126,NLR,CC-NLR or CCR-NLR or CCG10-NLR,(NBARC)(LRR),NL,AT5G43740
NP_851131,TX,TX,(TIR),T,AT5G44920
NP_851133,NLR,TIR-NLR,(TIR)(NBARC)(LRR)(WRKY),TNLO,AT5G45050
NP_851172,NLR,TIR-NLR,(TIR)(NBARC)(LRR),TNL,AT5G51630
NP_973477,TX,TX,(TIR),T,AT2G17055
NP_973487,TX,TX,(TIR),T,AT2G20142
NP_974060,TX,TX,(TIR),T,AT1G61105
NP_974577,TX,TX,(TIR),T,AT4G19910
NP_974578,TX,TX,(TIR),T,AT4G19925
NP_974894,NLR,TIR-NLR,(TIR)(NBARC)(LRR),TNL,AT5G46490